<?xml version="1.0" standalone="no"?>
<!DOCTYPE section PUBLIC "-//OASIS//DTD DocBook XML V4.5//EN" "http://www.oasis-open.org/docbook/xml/4.5/docbookx.dtd">
<section id="getting.ivy">
	<title>Getting Bundlor with Ivy</title>
	<para>SpringSource Bundlor can be obtained from an Ivy repository</para>
	<orderedlist>
		<listitem>
			<para>
				Add the SpringSource Enterprise Bundle Repository resolvers to the<literal>ivysettings.xml</literal>
				file
			</para>
			<programlisting language="xml">&lt;url name=&quot;com.springsource.repository.bundles.@release.type@&quot;&gt;
  &lt;ivy pattern=&quot;http://repository.springsource.com/ivy/bundles/@release.type@/[organisation]/[module]/[revision]/[artifact]-[revision].[ext]&quot;/&gt;
  &lt;artifact pattern=&quot;http://repository.springsource.com/ivy/bundles/@release.type@/[organisation]/[module]/[revision]/[artifact]-[revision].[ext]&quot;/&gt;
&lt;/url&gt;</programlisting> 
		</listitem>
		<listitem>
			<para>Download the SpringSource Bundlor dependency in the <literal>build.xml</literal> file</para>
			<programlisting language="xml">&lt;ivy:cachepath resolveId=&quot;bundlor.classpath&quot; pathid=&quot;bundlor.classpath&quot; organisation=&quot;com.springsource.bundlor&quot;
    module=&quot;com.springsource.bundlor.ant&quot; revision=&quot;@bundle.version@&quot; conf=&quot;ant&quot; inline=&quot;true&quot;
    type=&quot;jar&quot; log=&quot;download-only&quot;/&gt;</programlisting> 
		</listitem>
	</orderedlist>
</section>