<?xml version="1.0" standalone="no"?>
<!DOCTYPE section PUBLIC "-//OASIS//DTD DocBook XML V4.5//EN" "http://www.oasis-open.org/docbook/xml/4.5/docbookx.dtd">
<section id="getting.zip">
	<title>Getting the Bundlor ZIP</title>
	<para>SpringSource Bundlor is distributed as a ZIP file.</para>
	<orderedlist>
		<listitem>
			<para>Download ZIP file from Bundlor download page.</para>
			<para>
				The Bundlor download page is located at
				<ulink url="http://www.springsource.org/bundlor">http://www.springsource.org/bundlor</ulink>.
			</para>
		</listitem>
	</orderedlist>
</section>