<?xml version="1.0" encoding="UTF-8"?>
<project name="publish-documentation">

<!-- Main targets -->
	<target name="publish-documentation" depends="publish-documentation.init">
		<sshexec host="spring02.managed.contegix.com" username="${username}" keyfile="${key.file}" passphrase="${passphrase}"
				command="mkdir /opt/www/domains/springframework.org/www/htdocs/s2-bundlor/${bundle.version}"/>

		<scp remoteToDir="${username}@spring02.managed.contegix.com:/opt/www/domains/springframework.org/www/htdocs/s2-bundlor/${bundle.version}"
				keyfile="${key.file}" passphrase="${passphrase}" sftp="true" verbose="true">
			<fileset dir="${package.docs.dir}" />
		</scp>

		<sshexec host="spring02.managed.contegix.com" username="${username}" keyfile="${key.file}" passphrase="${passphrase}"
				command="rm /opt/www/domains/springframework.org/www/htdocs/s2-bundlor/1.0.x ; ln -s /opt/www/domains/springframework.org/www/htdocs/s2-bundlor/${bundle.version} /opt/www/domains/springframework.org/www/htdocs/s2-bundlor/1.0.x"/>
	</target>

<!-- Other targets -->
	<target name="publish-documentation.init">
		<fail message="The 'username' property must be set">
			<condition>
				<not>
					<isset property="username"/>
				</not>
			</condition>
		</fail>
		<fail message="The 'key.file' property must be set">
			<condition>
				<not>
					<isset property="key.file"/>
				</not>
			</condition>
		</fail>
		<fail message="The 'passphrase' property must be set">
			<condition>
				<not>
					<isset property="passphrase"/>
				</not>
			</condition>
		</fail>
	</target>

</project>
