<?xml version="1.0" standalone="no"?>
<!DOCTYPE section PUBLIC "-//OASIS//DTD DocBook XML V4.5//EN" "http://www.oasis-open.org/docbook/xml/4.5/docbookx.dtd">
<section id="detecting.jpa">
	<title>JPA Detection Criteria</title>
	<para>
		Bundlor scans for the JPA <literal>persistence.xml</literal> files located in the <literal>META-INF</literal>
		directory. If it detects this file it scans the file for a number of values that contain class names.
	</para>

	<section>
		<title><literal>persistence.xml</literal> Values</title>
		<para>
			Using XPath syntax, the following is a list of values searched for type names
			<itemizedlist>
				<listitem><literal>//persistence-unit/provider</literal></listitem>
				<listitem><literal>//persistence-unit/class</literal></listitem>
			</itemizedlist>
		</para>
	</section>
</section>