<?xml version="1.0" encoding="UTF-8"?>
<project name="artifact-weaving" xmlns:ivy="antlib:org.apache.ivy.ant"
		xmlns:bundlor="antlib:com.springsource.bundlor.ant">

	<import file="common.xml"/>
	<import file="../common/artifact.xml"/>

	<target name="jar" depends="ivy.init, resolve.aspects, artifact-common.jar"
			description="Creates a JAR file containing the output of a compilation of the source tree."/>

<!-- Other targets -->
	<target name="compile.init" depends="ivy.init">
		<ivy:cachepath resolveId="ajc.classpath" pathid="ajc.classpath" organisation="org.aspectj"
				module="com.springsource.org.aspectj.tools" revision="${org.aspectj.tools.version}" conf="runtime"
				type="jar" inline="true" log="download-only"/>
		<taskdef resource="org/aspectj/tools/ant/taskdefs/aspectjTaskdefs.properties" classpathref="ajc.classpath"/>

		<ivy:cachepath resolveId="spring.ant.classpath" pathid="spring.ant.classpath"
				organisation="org.springframework.build" module="org.springframework.build.ant"
				revision="${org.springframework.build.ant.version}" conf="runtime" type="jar" inline="true"
				log="download-only"/>
		<ivy:cachepath resolveId="ecj.classpath" pathid="ecj.classpath" organisation="org.eclipse.jdt"
				module="com.springsource.org.eclipse.jdt.core.compiler.batch" revision="${org.eclipse.jdt.core.compiler.batch.version}"
				conf="runtime" type="jar" inline="true" log="download-only"/>
		<taskdef resource="org/springframework/build/ant/antlib.xml" uri="antlib:org.springframework.build">
			<classpath>
				<path refid="spring.ant.classpath"/>
				<path refid="ecj.classpath"/>
			</classpath>
		</taskdef>
	</target>

	<target name="bundlor" depends="bundlor.init" unless="disable.bundlor">
		<bundlor:bundlor inputPath="${main.output.dir}" outputPath="${main.output.dir}"
				bundleVersion="${bundle.version}" manifestTemplatePath="${manifest.template.file}"
				failOnWarnings="${fail.on.warnings}">
			<propertyset refid="bundlor.properties"/>
			<propertyset>
				<propertyref builtin="all"/>
			</propertyset>
		</bundlor:bundlor>
	</target>

</project>